year,month,China News-Based EPU,fecha_procesamiento,archivo_origen
1995,1.0,192.9119063131846,2025-09-28 18:01:46.766079,SCMP_China_Policy_Uncertainty_Data.xlsx
1995,2.0,193.98785143916868,2025-09-28 18:01:46.766079,SCMP_China_Policy_Uncertainty_Data.xlsx
1995,3.0,88.22703494765662,2025-09-28 18:01:46.766079,SCMP_China_Policy_Uncertainty_Data.xlsx
1995,4.0,131.03471276072696,2025-09-28 18:01:46.766079,SCMP_China_Policy_Uncertainty_Data.xlsx
1995,5.0,177.0968612649896,2025-09-28 18:01:46.766079,SCMP_China_Policy_Uncertainty_Data.xlsx
1995,6.0,79.09623704513723,2025-09-28 18:01:46.766079,SCMP_China_Policy_Uncertainty_Data.xlsx
1995,7.0,61.73269244107588,2025-09-28 18:01:46.766079,SCMP_China_Policy_Uncertainty_Data.xlsx
1995,8.0,52.983125293393364,2025-09-28 18:01:46.766079,SCMP_China_Policy_Uncertainty_Data.xlsx
1995,9.0,76.82008633880234,2025-09-28 18:01:46.766079,SCMP_China_Policy_Uncertainty_Data.xlsx
1995,10.0,153.87130199517193,2025-09-28 18:01:46.766079,SCMP_China_Policy_Uncertainty_Data.xlsx
1995,11.0,100.06150469565551,2025-09-28 18:01:46.766079,SCMP_China_Policy_Uncertainty_Data.xlsx
1995,12.0,143.11669000595327,2025-09-28 18:01:46.766079,SCMP_China_Policy_Uncertainty_Data.xlsx
1996,1.0,128.4294570578259,2025-09-28 18:01:46.766079,SCMP_China_Policy_Uncertainty_Data.xlsx
1996,2.0,111.15819164087164,2025-09-28 18:01:46.766079,SCMP_China_Policy_Uncertainty_Data.xlsx
1996,3.0,69.44067633561379,2025-09-28 18:01:46.766079,SCMP_China_Policy_Uncertainty_Data.xlsx
1996,4.0,63.3574435326592,2025-09-28 18:01:46.766079,SCMP_China_Policy_Uncertainty_Data.xlsx
1996,5.0,84.1733603689805,2025-09-28 18:01:46.766079,SCMP_China_Policy_Uncertainty_Data.xlsx
1996,6.0,36.83880926942074,2025-09-28 18:01:46.766079,SCMP_China_Policy_Uncertainty_Data.xlsx
1996,7.0,47.68481276405402,2025-09-28 18:01:46.766079,SCMP_China_Policy_Uncertainty_Data.xlsx
1996,8.0,55.95354593664664,2025-09-28 18:01:46.766079,SCMP_China_Policy_Uncertainty_Data.xlsx
1996,9.0,51.04103092903939,2025-09-28 18:01:46.766079,SCMP_China_Policy_Uncertainty_Data.xlsx
1996,10.0,53.61975897249259,2025-09-28 18:01:46.766079,SCMP_China_Policy_Uncertainty_Data.xlsx
1996,11.0,85.29986348004994,2025-09-28 18:01:46.766079,SCMP_China_Policy_Uncertainty_Data.xlsx
1996,12.0,69.1851847808906,2025-09-28 18:01:46.766079,SCMP_China_Policy_Uncertainty_Data.xlsx
1997,1.0,88.32370652961666,2025-09-28 18:01:46.766079,SCMP_China_Policy_Uncertainty_Data.xlsx
1997,2.0,115.34867902415844,2025-09-28 18:01:46.766079,SCMP_China_Policy_Uncertainty_Data.xlsx
1997,3.0,59.410586394559104,2025-09-28 18:01:46.766079,SCMP_China_Policy_Uncertainty_Data.xlsx
1997,4.0,123.27134731568972,2025-09-28 18:01:46.766079,SCMP_China_Policy_Uncertainty_Data.xlsx
1997,5.0,20.579830398583336,2025-09-28 18:01:46.766079,SCMP_China_Policy_Uncertainty_Data.xlsx
1997,6.0,62.723869097332596,2025-09-28 18:01:46.766079,SCMP_China_Policy_Uncertainty_Data.xlsx
1997,7.0,42.59028148584312,2025-09-28 18:01:46.766079,SCMP_China_Policy_Uncertainty_Data.xlsx
1997,8.0,27.126091093324145,2025-09-28 18:01:46.766079,SCMP_China_Policy_Uncertainty_Data.xlsx
1997,9.0,70.86266970767413,2025-09-28 18:01:46.766079,SCMP_China_Policy_Uncertainty_Data.xlsx
1997,10.0,83.15766128365519,2025-09-28 18:01:46.766079,SCMP_China_Policy_Uncertainty_Data.xlsx
1997,11.0,69.05575019184653,2025-09-28 18:01:46.766079,SCMP_China_Policy_Uncertainty_Data.xlsx
1997,12.0,20.722468535529437,2025-09-28 18:01:46.766079,SCMP_China_Policy_Uncertainty_Data.xlsx
1998,1.0,77.70582970269365,2025-09-28 18:01:46.766079,SCMP_China_Policy_Uncertainty_Data.xlsx
1998,2.0,98.68479856475845,2025-09-28 18:01:46.766079,SCMP_China_Policy_Uncertainty_Data.xlsx
1998,3.0,64.9212020911882,2025-09-28 18:01:46.766079,SCMP_China_Policy_Uncertainty_Data.xlsx
1998,4.0,19.43977737520278,2025-09-28 18:01:46.766079,SCMP_China_Policy_Uncertainty_Data.xlsx
1998,5.0,41.80421924365474,2025-09-28 18:01:46.766079,SCMP_China_Policy_Uncertainty_Data.xlsx
1998,6.0,68.29855994851486,2025-09-28 18:01:46.766079,SCMP_China_Policy_Uncertainty_Data.xlsx
1998,7.0,100.43605107084804,2025-09-28 18:01:46.766079,SCMP_China_Policy_Uncertainty_Data.xlsx
1998,8.0,38.22539838787699,2025-09-28 18:01:46.766079,SCMP_China_Policy_Uncertainty_Data.xlsx
1998,9.0,74.32969770053171,2025-09-28 18:01:46.766079,SCMP_China_Policy_Uncertainty_Data.xlsx
1998,10.0,128.1186779723865,2025-09-28 18:01:46.766079,SCMP_China_Policy_Uncertainty_Data.xlsx
1998,11.0,51.115827281514534,2025-09-28 18:01:46.766079,SCMP_China_Policy_Uncertainty_Data.xlsx
1998,12.0,69.6688281558007,2025-09-28 18:01:46.766079,SCMP_China_Policy_Uncertainty_Data.xlsx
1999,1.0,123.66966248784695,2025-09-28 18:01:46.766079,SCMP_China_Policy_Uncertainty_Data.xlsx
1999,2.0,98.32405157544683,2025-09-28 18:01:46.766079,SCMP_China_Policy_Uncertainty_Data.xlsx
1999,3.0,82.27813310159127,2025-09-28 18:01:46.766079,SCMP_China_Policy_Uncertainty_Data.xlsx
1999,4.0,16.566033689639777,2025-09-28 18:01:46.766079,SCMP_China_Policy_Uncertainty_Data.xlsx
1999,5.0,116.03938967699771,2025-09-28 18:01:46.766079,SCMP_China_Policy_Uncertainty_Data.xlsx
1999,6.0,101.52250459443759,2025-09-28 18:01:46.766079,SCMP_China_Policy_Uncertainty_Data.xlsx
1999,7.0,66.90920354271427,2025-09-28 18:01:46.766079,SCMP_China_Policy_Uncertainty_Data.xlsx
1999,8.0,39.80082215530068,2025-09-28 18:01:46.766079,SCMP_China_Policy_Uncertainty_Data.xlsx
1999,9.0,102.30252383777547,2025-09-28 18:01:46.766079,SCMP_China_Policy_Uncertainty_Data.xlsx
1999,10.0,78.27620065729886,2025-09-28 18:01:46.766079,SCMP_China_Policy_Uncertainty_Data.xlsx
1999,11.0,62.01696246227312,2025-09-28 18:01:46.766079,SCMP_China_Policy_Uncertainty_Data.xlsx
1999,12.0,36.993785700398256,2025-09-28 18:01:46.766079,SCMP_China_Policy_Uncertainty_Data.xlsx
2000,1.0,44.004441309110256,2025-09-28 18:01:46.766079,SCMP_China_Policy_Uncertainty_Data.xlsx
2000,2.0,9.06670839491202,2025-09-28 18:01:46.766079,SCMP_China_Policy_Uncertainty_Data.xlsx
2000,3.0,44.399135139682016,2025-09-28 18:01:46.766079,SCMP_China_Policy_Uncertainty_Data.xlsx
2000,4.0,35.44141489220232,2025-09-28 18:01:46.766079,SCMP_China_Policy_Uncertainty_Data.xlsx
2000,5.0,71.13580205344248,2025-09-28 18:01:46.766079,SCMP_China_Policy_Uncertainty_Data.xlsx
2000,6.0,36.85697436274886,2025-09-28 18:01:46.766079,SCMP_China_Policy_Uncertainty_Data.xlsx
2000,7.0,18.60740453264991,2025-09-28 18:01:46.766079,SCMP_China_Policy_Uncertainty_Data.xlsx
2000,8.0,27.14086565274317,2025-09-28 18:01:46.766079,SCMP_China_Policy_Uncertainty_Data.xlsx
2000,9.0,58.010045795618694,2025-09-28 18:01:46.766079,SCMP_China_Policy_Uncertainty_Data.xlsx
2000,10.0,70.60663030596734,2025-09-28 18:01:46.766079,SCMP_China_Policy_Uncertainty_Data.xlsx
2000,11.0,140.36796996742663,2025-09-28 18:01:46.766079,SCMP_China_Policy_Uncertainty_Data.xlsx
2000,12.0,112.61159172528012,2025-09-28 18:01:46.766079,SCMP_China_Policy_Uncertainty_Data.xlsx
2001,1.0,97.3254479266337,2025-09-28 18:01:46.766079,SCMP_China_Policy_Uncertainty_Data.xlsx
2001,2.0,65.15024381192663,2025-09-28 18:01:46.766079,SCMP_China_Policy_Uncertainty_Data.xlsx
2001,3.0,114.62846052220019,2025-09-28 18:01:46.766079,SCMP_China_Policy_Uncertainty_Data.xlsx
2001,4.0,107.18359849878784,2025-09-28 18:01:46.766079,SCMP_China_Policy_Uncertainty_Data.xlsx
2001,5.0,95.76116749175418,2025-09-28 18:01:46.766079,SCMP_China_Policy_Uncertainty_Data.xlsx
2001,6.0,54.479551025987384,2025-09-28 18:01:46.766079,SCMP_China_Policy_Uncertainty_Data.xlsx
2001,7.0,118.17540554569909,2025-09-28 18:01:46.766079,SCMP_China_Policy_Uncertainty_Data.xlsx
2001,8.0,131.47923308294577,2025-09-28 18:01:46.766079,SCMP_China_Policy_Uncertainty_Data.xlsx
2001,9.0,202.87770765939618,2025-09-28 18:01:46.766079,SCMP_China_Policy_Uncertainty_Data.xlsx
2001,10.0,297.2353328959367,2025-09-28 18:01:46.766079,SCMP_China_Policy_Uncertainty_Data.xlsx
2001,11.0,128.78350104695846,2025-09-28 18:01:46.766079,SCMP_China_Policy_Uncertainty_Data.xlsx
2001,12.0,136.84720616560725,2025-09-28 18:01:46.766079,SCMP_China_Policy_Uncertainty_Data.xlsx
2002,1.0,159.89443162578704,2025-09-28 18:01:46.766079,SCMP_China_Policy_Uncertainty_Data.xlsx
2002,2.0,163.7011476295547,2025-09-28 18:01:46.766079,SCMP_China_Policy_Uncertainty_Data.xlsx
2002,3.0,140.20534570563055,2025-09-28 18:01:46.766079,SCMP_China_Policy_Uncertainty_Data.xlsx
2002,4.0,117.48548513609134,2025-09-28 18:01:46.766079,SCMP_China_Policy_Uncertainty_Data.xlsx
2002,5.0,33.760588982680524,2025-09-28 18:01:46.766079,SCMP_China_Policy_Uncertainty_Data.xlsx
2002,6.0,116.77750430835458,2025-09-28 18:01:46.766079,SCMP_China_Policy_Uncertainty_Data.xlsx
2002,7.0,88.06827164569424,2025-09-28 18:01:46.766079,SCMP_China_Policy_Uncertainty_Data.xlsx
2002,8.0,140.53097192326138,2025-09-28 18:01:46.766079,SCMP_China_Policy_Uncertainty_Data.xlsx
2002,9.0,188.8886671673584,2025-09-28 18:01:46.766079,SCMP_China_Policy_Uncertainty_Data.xlsx
2002,10.0,147.99453157816558,2025-09-28 18:01:46.766079,SCMP_China_Policy_Uncertainty_Data.xlsx
2002,11.0,109.75909545911114,2025-09-28 18:01:46.766079,SCMP_China_Policy_Uncertainty_Data.xlsx
2002,12.0,85.20969449117041,2025-09-28 18:01:46.766079,SCMP_China_Policy_Uncertainty_Data.xlsx
2003,1.0,141.76565956880927,2025-09-28 18:01:46.766079,SCMP_China_Policy_Uncertainty_Data.xlsx
2003,2.0,88.59653576569104,2025-09-28 18:01:46.766079,SCMP_China_Policy_Uncertainty_Data.xlsx
2003,3.0,184.78601732423903,2025-09-28 18:01:46.766079,SCMP_China_Policy_Uncertainty_Data.xlsx
2003,4.0,124.31019435818075,2025-09-28 18:01:46.766079,SCMP_China_Policy_Uncertainty_Data.xlsx
2003,5.0,102.03591264385723,2025-09-28 18:01:46.766079,SCMP_China_Policy_Uncertainty_Data.xlsx
2003,6.0,87.32002804632556,2025-09-28 18:01:46.766079,SCMP_China_Policy_Uncertainty_Data.xlsx
2003,7.0,92.372248520863,2025-09-28 18:01:46.766079,SCMP_China_Policy_Uncertainty_Data.xlsx
2003,8.0,89.33422255008327,2025-09-28 18:01:46.766079,SCMP_China_Policy_Uncertainty_Data.xlsx
2003,9.0,127.82126704808088,2025-09-28 18:01:46.766079,SCMP_China_Policy_Uncertainty_Data.xlsx
2003,10.0,106.51363592113243,2025-09-28 18:01:46.766079,SCMP_China_Policy_Uncertainty_Data.xlsx
2003,11.0,37.15930599435977,2025-09-28 18:01:46.766079,SCMP_China_Policy_Uncertainty_Data.xlsx
2003,12.0,97.13572970455448,2025-09-28 18:01:46.766079,SCMP_China_Policy_Uncertainty_Data.xlsx
2004,1.0,101.15840304189292,2025-09-28 18:01:46.766079,SCMP_China_Policy_Uncertainty_Data.xlsx
2004,2.0,46.90383032608853,2025-09-28 18:01:46.766079,SCMP_China_Policy_Uncertainty_Data.xlsx
2004,3.0,85.35299326110261,2025-09-28 18:01:46.766079,SCMP_China_Policy_Uncertainty_Data.xlsx
2004,4.0,43.165825830246405,2025-09-28 18:01:46.766079,SCMP_China_Policy_Uncertainty_Data.xlsx
2004,5.0,137.98720481394656,2025-09-28 18:01:46.766079,SCMP_China_Policy_Uncertainty_Data.xlsx
2004,6.0,59.12108565577206,2025-09-28 18:01:46.766079,SCMP_China_Policy_Uncertainty_Data.xlsx
2004,7.0,50.486959816045044,2025-09-28 18:01:46.766079,SCMP_China_Policy_Uncertainty_Data.xlsx
2004,8.0,88.03998116331529,2025-09-28 18:01:46.766079,SCMP_China_Policy_Uncertainty_Data.xlsx
2004,9.0,92.03104814016136,2025-09-28 18:01:46.766079,SCMP_China_Policy_Uncertainty_Data.xlsx
2004,10.0,107.5005279455151,2025-09-28 18:01:46.766079,SCMP_China_Policy_Uncertainty_Data.xlsx
2004,11.0,93.99049859497602,2025-09-28 18:01:46.766079,SCMP_China_Policy_Uncertainty_Data.xlsx
2004,12.0,96.8782118633441,2025-09-28 18:01:46.766079,SCMP_China_Policy_Uncertainty_Data.xlsx
2005,1.0,75.73043972406755,2025-09-28 18:01:46.766079,SCMP_China_Policy_Uncertainty_Data.xlsx
2005,2.0,32.597446143765666,2025-09-28 18:01:46.766079,SCMP_China_Policy_Uncertainty_Data.xlsx
2005,3.0,99.00125034126448,2025-09-28 18:01:46.766079,SCMP_China_Policy_Uncertainty_Data.xlsx
2005,4.0,50.36788679761097,2025-09-28 18:01:46.766079,SCMP_China_Policy_Uncertainty_Data.xlsx
2005,5.0,105.35016773453796,2025-09-28 18:01:46.766079,SCMP_China_Policy_Uncertainty_Data.xlsx
2005,6.0,42.97225710455024,2025-09-28 18:01:46.766079,SCMP_China_Policy_Uncertainty_Data.xlsx
2005,7.0,35.55521180052548,2025-09-28 18:01:46.766079,SCMP_China_Policy_Uncertainty_Data.xlsx
2005,8.0,92.99913856851052,2025-09-28 18:01:46.766079,SCMP_China_Policy_Uncertainty_Data.xlsx
2005,9.0,68.26113608004994,2025-09-28 18:01:46.766079,SCMP_China_Policy_Uncertainty_Data.xlsx
2005,10.0,32.72947739798782,2025-09-28 18:01:46.766079,SCMP_China_Policy_Uncertainty_Data.xlsx
2005,11.0,86.75798080449525,2025-09-28 18:01:46.766079,SCMP_China_Policy_Uncertainty_Data.xlsx
2005,12.0,57.220210854503804,2025-09-28 18:01:46.766079,SCMP_China_Policy_Uncertainty_Data.xlsx
2006,1.0,83.60843848730948,2025-09-28 18:01:46.766079,SCMP_China_Policy_Uncertainty_Data.xlsx
2006,2.0,64.71510303693046,2025-09-28 18:01:46.766079,SCMP_China_Policy_Uncertainty_Data.xlsx
2006,3.0,84.22509568574078,2025-09-28 18:01:46.766079,SCMP_China_Policy_Uncertainty_Data.xlsx
2006,4.0,133.504700169957,2025-09-28 18:01:46.766079,SCMP_China_Policy_Uncertainty_Data.xlsx
2006,5.0,66.0226953805054,2025-09-28 18:01:46.766079,SCMP_China_Policy_Uncertainty_Data.xlsx
2006,6.0,110.92434613008115,2025-09-28 18:01:46.766079,SCMP_China_Policy_Uncertainty_Data.xlsx
2006,7.0,42.70708719440903,2025-09-28 18:01:46.766079,SCMP_China_Policy_Uncertainty_Data.xlsx
2006,8.0,36.35945227175225,2025-09-28 18:01:46.766079,SCMP_China_Policy_Uncertainty_Data.xlsx
2006,9.0,71.51866428193247,2025-09-28 18:01:46.766079,SCMP_China_Policy_Uncertainty_Data.xlsx
2006,10.0,74.12514591065296,2025-09-28 18:01:46.766079,SCMP_China_Policy_Uncertainty_Data.xlsx
2006,11.0,43.89590322272415,2025-09-28 18:01:46.766079,SCMP_China_Policy_Uncertainty_Data.xlsx
2006,12.0,67.67838676155515,2025-09-28 18:01:46.766079,SCMP_China_Policy_Uncertainty_Data.xlsx
2007,1.0,80.17083733391635,2025-09-28 18:01:46.766079,SCMP_China_Policy_Uncertainty_Data.xlsx
2007,2.0,64.65912111388813,2025-09-28 18:01:46.766079,SCMP_China_Policy_Uncertainty_Data.xlsx
2007,3.0,70.07432250717626,2025-09-28 18:01:46.766079,SCMP_China_Policy_Uncertainty_Data.xlsx
2007,4.0,68.33133951105445,2025-09-28 18:01:46.766079,SCMP_China_Policy_Uncertainty_Data.xlsx
2007,5.0,47.79152430156949,2025-09-28 18:01:46.766079,SCMP_China_Policy_Uncertainty_Data.xlsx
2007,6.0,77.08946370426432,2025-09-28 18:01:46.766079,SCMP_China_Policy_Uncertainty_Data.xlsx
2007,7.0,136.7205775909328,2025-09-28 18:01:46.766079,SCMP_China_Policy_Uncertainty_Data.xlsx
2007,8.0,56.73624030075719,2025-09-28 18:01:46.766079,SCMP_China_Policy_Uncertainty_Data.xlsx
2007,9.0,90.57120335803057,2025-09-28 18:01:46.766079,SCMP_China_Policy_Uncertainty_Data.xlsx
2007,10.0,92.54259734281055,2025-09-28 18:01:46.766079,SCMP_China_Policy_Uncertainty_Data.xlsx
2007,11.0,108.42847540225526,2025-09-28 18:01:46.766079,SCMP_China_Policy_Uncertainty_Data.xlsx
2007,12.0,93.8269295999317,2025-09-28 18:01:46.766079,SCMP_China_Policy_Uncertainty_Data.xlsx
2008,1.0,142.80524254103503,2025-09-28 18:01:46.766079,SCMP_China_Policy_Uncertainty_Data.xlsx
2008,2.0,157.7542677908554,2025-09-28 18:01:46.766079,SCMP_China_Policy_Uncertainty_Data.xlsx
2008,3.0,174.0117214993019,2025-09-28 18:01:46.766079,SCMP_China_Policy_Uncertainty_Data.xlsx
2008,4.0,145.5144919032862,2025-09-28 18:01:46.766079,SCMP_China_Policy_Uncertainty_Data.xlsx
2008,5.0,100.68358430209416,2025-09-28 18:01:46.766079,SCMP_China_Policy_Uncertainty_Data.xlsx
2008,6.0,157.01193323885448,2025-09-28 18:01:46.766079,SCMP_China_Policy_Uncertainty_Data.xlsx
2008,7.0,152.1179237516537,2025-09-28 18:01:46.766079,SCMP_China_Policy_Uncertainty_Data.xlsx
2008,8.0,205.62845669230998,2025-09-28 18:01:46.766079,SCMP_China_Policy_Uncertainty_Data.xlsx
2008,9.0,298.38700202656565,2025-09-28 18:01:46.766079,SCMP_China_Policy_Uncertainty_Data.xlsx
2008,10.0,187.56824092259643,2025-09-28 18:01:46.766079,SCMP_China_Policy_Uncertainty_Data.xlsx
2008,11.0,194.23703852686074,2025-09-28 18:01:46.766079,SCMP_China_Policy_Uncertainty_Data.xlsx
2008,12.0,232.76639264964714,2025-09-28 18:01:46.766079,SCMP_China_Policy_Uncertainty_Data.xlsx
2009,1.0,223.54686897340983,2025-09-28 18:01:46.766079,SCMP_China_Policy_Uncertainty_Data.xlsx
2009,2.0,170.97814107736485,2025-09-28 18:01:46.766079,SCMP_China_Policy_Uncertainty_Data.xlsx
2009,3.0,184.49576665190207,2025-09-28 18:01:46.766079,SCMP_China_Policy_Uncertainty_Data.xlsx
2009,4.0,152.91332363156562,2025-09-28 18:01:46.766079,SCMP_China_Policy_Uncertainty_Data.xlsx
2009,5.0,91.16470790054237,2025-09-28 18:01:46.766079,SCMP_China_Policy_Uncertainty_Data.xlsx
2009,6.0,131.52881047098612,2025-09-28 18:01:46.766079,SCMP_China_Policy_Uncertainty_Data.xlsx
2009,7.0,103.9319155712554,2025-09-28 18:01:46.766079,SCMP_China_Policy_Uncertainty_Data.xlsx
2009,8.0,92.43109316692664,2025-09-28 18:01:46.766079,SCMP_China_Policy_Uncertainty_Data.xlsx
2009,9.0,160.95164514998854,2025-09-28 18:01:46.766079,SCMP_China_Policy_Uncertainty_Data.xlsx
2009,10.0,75.79626366124623,2025-09-28 18:01:46.766079,SCMP_China_Policy_Uncertainty_Data.xlsx
2009,11.0,68.89027097479695,2025-09-28 18:01:46.766079,SCMP_China_Policy_Uncertainty_Data.xlsx
2009,12.0,74.85823135468671,2025-09-28 18:01:46.766079,SCMP_China_Policy_Uncertainty_Data.xlsx
2010,1.0,95.78208426417387,2025-09-28 18:01:46.766079,SCMP_China_Policy_Uncertainty_Data.xlsx
2010,2.0,103.44436695404957,2025-09-28 18:01:46.766079,SCMP_China_Policy_Uncertainty_Data.xlsx
2010,3.0,90.39569948015684,2025-09-28 18:01:46.766079,SCMP_China_Policy_Uncertainty_Data.xlsx
2010,4.0,46.74543089909611,2025-09-28 18:01:46.766079,SCMP_China_Policy_Uncertainty_Data.xlsx
2010,5.0,156.54861802795406,2025-09-28 18:01:46.766079,SCMP_China_Policy_Uncertainty_Data.xlsx
2010,6.0,130.01350159459227,2025-09-28 18:01:46.766079,SCMP_China_Policy_Uncertainty_Data.xlsx
2010,7.0,70.81567409536208,2025-09-28 18:01:46.766079,SCMP_China_Policy_Uncertainty_Data.xlsx
2010,8.0,104.10298608308453,2025-09-28 18:01:46.766079,SCMP_China_Policy_Uncertainty_Data.xlsx
2010,9.0,121.59743616016705,2025-09-28 18:01:46.766079,SCMP_China_Policy_Uncertainty_Data.xlsx
2010,10.0,74.11595836158124,2025-09-28 18:01:46.766079,SCMP_China_Policy_Uncertainty_Data.xlsx
2010,11.0,82.42306365053288,2025-09-28 18:01:46.766079,SCMP_China_Policy_Uncertainty_Data.xlsx
2010,12.0,110.67324672612206,2025-09-28 18:01:46.766079,SCMP_China_Policy_Uncertainty_Data.xlsx
2011,1.0,172.68039869755208,2025-09-28 18:01:46.766079,SCMP_China_Policy_Uncertainty_Data.xlsx
2011,2.0,46.08257953616195,2025-09-28 18:01:46.766079,SCMP_China_Policy_Uncertainty_Data.xlsx
2011,3.0,131.2483652461013,2025-09-28 18:01:46.766079,SCMP_China_Policy_Uncertainty_Data.xlsx
2011,4.0,153.01114433501468,2025-09-28 18:01:46.766079,SCMP_China_Policy_Uncertainty_Data.xlsx
2011,5.0,26.14408674629405,2025-09-28 18:01:46.766079,SCMP_China_Policy_Uncertainty_Data.xlsx
2011,6.0,39.590012715918796,2025-09-28 18:01:46.766079,SCMP_China_Policy_Uncertainty_Data.xlsx
2011,7.0,207.3971809313393,2025-09-28 18:01:46.766079,SCMP_China_Policy_Uncertainty_Data.xlsx
2011,8.0,186.73148039028652,2025-09-28 18:01:46.766079,SCMP_China_Policy_Uncertainty_Data.xlsx
2011,9.0,158.05562938950433,2025-09-28 18:01:46.766079,SCMP_China_Policy_Uncertainty_Data.xlsx
2011,10.0,238.7096016212525,2025-09-28 18:01:46.766079,SCMP_China_Policy_Uncertainty_Data.xlsx
2011,11.0,363.5231096518933,2025-09-28 18:01:46.766079,SCMP_China_Policy_Uncertainty_Data.xlsx
2011,12.0,324.4626310590448,2025-09-28 18:01:46.766079,SCMP_China_Policy_Uncertainty_Data.xlsx
2012,1.0,298.70264413026086,2025-09-28 18:01:46.766079,SCMP_China_Policy_Uncertainty_Data.xlsx
2012,2.0,236.08952624022325,2025-09-28 18:01:46.766079,SCMP_China_Policy_Uncertainty_Data.xlsx
2012,3.0,242.72799391215466,2025-09-28 18:01:46.766079,SCMP_China_Policy_Uncertainty_Data.xlsx
2012,4.0,155.8289312181821,2025-09-28 18:01:46.766079,SCMP_China_Policy_Uncertainty_Data.xlsx
2012,5.0,216.2519562114415,2025-09-28 18:01:46.766079,SCMP_China_Policy_Uncertainty_Data.xlsx
2012,6.0,304.5527404269981,2025-09-28 18:01:46.766079,SCMP_China_Policy_Uncertainty_Data.xlsx
2012,7.0,301.5229163790741,2025-09-28 18:01:46.766079,SCMP_China_Policy_Uncertainty_Data.xlsx
2012,8.0,215.31753417842913,2025-09-28 18:01:46.766079,SCMP_China_Policy_Uncertainty_Data.xlsx
2012,9.0,161.97899607647784,2025-09-28 18:01:46.766079,SCMP_China_Policy_Uncertainty_Data.xlsx
2012,10.0,300.7020735940131,2025-09-28 18:01:46.766079,SCMP_China_Policy_Uncertainty_Data.xlsx
2012,11.0,306.3358360969454,2025-09-28 18:01:46.766079,SCMP_China_Policy_Uncertainty_Data.xlsx
2012,12.0,192.76839202489924,2025-09-28 18:01:46.766079,SCMP_China_Policy_Uncertainty_Data.xlsx
2013,1.0,208.55453127135792,2025-09-28 18:01:46.766079,SCMP_China_Policy_Uncertainty_Data.xlsx
2013,2.0,162.2560289601766,2025-09-28 18:01:46.766079,SCMP_China_Policy_Uncertainty_Data.xlsx
2013,3.0,83.76906949304879,2025-09-28 18:01:46.766079,SCMP_China_Policy_Uncertainty_Data.xlsx
2013,4.0,147.95317499535764,2025-09-28 18:01:46.766079,SCMP_China_Policy_Uncertainty_Data.xlsx
2013,5.0,82.95887237253571,2025-09-28 18:01:46.766079,SCMP_China_Policy_Uncertainty_Data.xlsx
2013,6.0,40.403212977110634,2025-09-28 18:01:46.766079,SCMP_China_Policy_Uncertainty_Data.xlsx
2013,7.0,115.46747272037283,2025-09-28 18:01:46.766079,SCMP_China_Policy_Uncertainty_Data.xlsx
2013,8.0,139.75954174472233,2025-09-28 18:01:46.766079,SCMP_China_Policy_Uncertainty_Data.xlsx
2013,9.0,69.79079739276814,2025-09-28 18:01:46.766079,SCMP_China_Policy_Uncertainty_Data.xlsx
2013,10.0,97.59776311389345,2025-09-28 18:01:46.766079,SCMP_China_Policy_Uncertainty_Data.xlsx
2013,11.0,81.02541355843326,2025-09-28 18:01:46.766079,SCMP_China_Policy_Uncertainty_Data.xlsx
2013,12.0,137.23245533841128,2025-09-28 18:01:46.766079,SCMP_China_Policy_Uncertainty_Data.xlsx
2014,1.0,103.44436695404957,2025-09-28 18:01:46.766079,SCMP_China_Policy_Uncertainty_Data.xlsx
2014,2.0,66.5295451781528,2025-09-28 18:01:46.766079,SCMP_China_Policy_Uncertainty_Data.xlsx
2014,3.0,134.9426200696211,2025-09-28 18:01:46.766079,SCMP_China_Policy_Uncertainty_Data.xlsx
2014,4.0,84.26825705485307,2025-09-28 18:01:46.766079,SCMP_China_Policy_Uncertainty_Data.xlsx
2014,5.0,80.76277040265228,2025-09-28 18:01:46.766079,SCMP_China_Policy_Uncertainty_Data.xlsx
2014,6.0,102.23165456302907,2025-09-28 18:01:46.766079,SCMP_China_Policy_Uncertainty_Data.xlsx
2014,7.0,127.4802910875293,2025-09-28 18:01:46.766079,SCMP_China_Policy_Uncertainty_Data.xlsx
2014,8.0,151.00190708617106,2025-09-28 18:01:46.766079,SCMP_China_Policy_Uncertainty_Data.xlsx
2014,9.0,185.76189874533625,2025-09-28 18:01:46.766079,SCMP_China_Policy_Uncertainty_Data.xlsx
2014,10.0,240.49531533994428,2025-09-28 18:01:46.766079,SCMP_China_Policy_Uncertainty_Data.xlsx
2014,11.0,112.73898040370239,2025-09-28 18:01:46.766079,SCMP_China_Policy_Uncertainty_Data.xlsx
2014,12.0,93.96096041188521,2025-09-28 18:01:46.766079,SCMP_China_Policy_Uncertainty_Data.xlsx
2015,1.0,232.21510382495057,2025-09-28 18:01:46.766079,SCMP_China_Policy_Uncertainty_Data.xlsx
2015,2.0,117.6836725266718,2025-09-28 18:01:46.766079,SCMP_China_Policy_Uncertainty_Data.xlsx
2015,3.0,82.09329380302546,2025-09-28 18:01:46.766079,SCMP_China_Policy_Uncertainty_Data.xlsx
2015,4.0,105.31835910901424,2025-09-28 18:01:46.766079,SCMP_China_Policy_Uncertainty_Data.xlsx
2015,5.0,127.55280547381345,2025-09-28 18:01:46.766079,SCMP_China_Policy_Uncertainty_Data.xlsx
2015,6.0,123.3431419268229,2025-09-28 18:01:46.766079,SCMP_China_Policy_Uncertainty_Data.xlsx
2015,7.0,268.7092055398011,2025-09-28 18:01:46.766079,SCMP_China_Policy_Uncertainty_Data.xlsx
2015,8.0,224.05858515484013,2025-09-28 18:01:46.766079,SCMP_China_Policy_Uncertainty_Data.xlsx
2015,9.0,393.23413303690387,2025-09-28 18:01:46.766079,SCMP_China_Policy_Uncertainty_Data.xlsx
2015,10.0,244.8679574370342,2025-09-28 18:01:46.766079,SCMP_China_Policy_Uncertainty_Data.xlsx
2015,11.0,104.74907068139797,2025-09-28 18:01:46.766079,SCMP_China_Policy_Uncertainty_Data.xlsx
2015,12.0,151.61449088773767,2025-09-28 18:01:46.766079,SCMP_China_Policy_Uncertainty_Data.xlsx
2016,1.0,261.942083720909,2025-09-28 18:01:46.766079,SCMP_China_Policy_Uncertainty_Data.xlsx
2016,2.0,269.0191783221237,2025-09-28 18:01:46.766079,SCMP_China_Policy_Uncertainty_Data.xlsx
2016,3.0,323.1558322855801,2025-09-28 18:01:46.766079,SCMP_China_Policy_Uncertainty_Data.xlsx
2016,4.0,286.17734006280807,2025-09-28 18:01:46.766079,SCMP_China_Policy_Uncertainty_Data.xlsx
2016,5.0,260.2574652077113,2025-09-28 18:01:46.766079,SCMP_China_Policy_Uncertainty_Data.xlsx
2016,6.0,357.2088124619101,2025-09-28 18:01:46.766079,SCMP_China_Policy_Uncertainty_Data.xlsx
2016,7.0,558.2221359794972,2025-09-28 18:01:46.766079,SCMP_China_Policy_Uncertainty_Data.xlsx
2016,8.0,288.7802086580348,2025-09-28 18:01:46.766079,SCMP_China_Policy_Uncertainty_Data.xlsx
2016,9.0,388.74959058354676,2025-09-28 18:01:46.766079,SCMP_China_Policy_Uncertainty_Data.xlsx
2016,10.0,261.89889280888116,2025-09-28 18:01:46.766079,SCMP_China_Policy_Uncertainty_Data.xlsx
2016,11.0,475.67091863550274,2025-09-28 18:01:46.766079,SCMP_China_Policy_Uncertainty_Data.xlsx
2016,12.0,646.9109891859332,2025-09-28 18:01:46.766079,SCMP_China_Policy_Uncertainty_Data.xlsx
2017,1.0,694.8494130857672,2025-09-28 18:01:46.766079,SCMP_China_Policy_Uncertainty_Data.xlsx
2017,2.0,464.52281586678055,2025-09-28 18:01:46.766079,SCMP_China_Policy_Uncertainty_Data.xlsx
2017,3.0,533.3043942575139,2025-09-28 18:01:46.766079,SCMP_China_Policy_Uncertainty_Data.xlsx
2017,4.0,322.34425371134694,2025-09-28 18:01:46.766079,SCMP_China_Policy_Uncertainty_Data.xlsx
2017,5.0,451.9784974007842,2025-09-28 18:01:46.766079,SCMP_China_Policy_Uncertainty_Data.xlsx
2017,6.0,328.55360003364694,2025-09-28 18:01:46.766079,SCMP_China_Policy_Uncertainty_Data.xlsx
2017,7.0,162.69328608631304,2025-09-28 18:01:46.766079,SCMP_China_Policy_Uncertainty_Data.xlsx
2017,8.0,265.25810294224726,2025-09-28 18:01:46.766079,SCMP_China_Policy_Uncertainty_Data.xlsx
2017,9.0,314.0012259682297,2025-09-28 18:01:46.766079,SCMP_China_Policy_Uncertainty_Data.xlsx
2017,10.0,291.5835857172432,2025-09-28 18:01:46.766079,SCMP_China_Policy_Uncertainty_Data.xlsx
2017,11.0,268.0438565848272,2025-09-28 18:01:46.766079,SCMP_China_Policy_Uncertainty_Data.xlsx
2017,12.0,269.3547531807376,2025-09-28 18:01:46.766079,SCMP_China_Policy_Uncertainty_Data.xlsx
2018,1.0,122.93740790732677,2025-09-28 18:01:46.766079,SCMP_China_Policy_Uncertainty_Data.xlsx
2018,2.0,211.78017468835492,2025-09-28 18:01:46.766079,SCMP_China_Policy_Uncertainty_Data.xlsx
2018,3.0,245.5517214443321,2025-09-28 18:01:46.766079,SCMP_China_Policy_Uncertainty_Data.xlsx
2018,4.0,291.30698031410583,2025-09-28 18:01:46.766079,SCMP_China_Policy_Uncertainty_Data.xlsx
2018,5.0,374.1038238621355,2025-09-28 18:01:46.766079,SCMP_China_Policy_Uncertainty_Data.xlsx
2018,6.0,465.41683690943137,2025-09-28 18:01:46.766079,SCMP_China_Policy_Uncertainty_Data.xlsx
2018,7.0,561.0261386255837,2025-09-28 18:01:46.766079,SCMP_China_Policy_Uncertainty_Data.xlsx
2018,8.0,502.75373022869536,2025-09-28 18:01:46.766079,SCMP_China_Policy_Uncertainty_Data.xlsx
2018,9.0,516.4866224962319,2025-09-28 18:01:46.766079,SCMP_China_Policy_Uncertainty_Data.xlsx
2018,10.0,621.4263986087165,2025-09-28 18:01:46.766079,SCMP_China_Policy_Uncertainty_Data.xlsx
2018,11.0,677.5375635211628,2025-09-28 18:01:46.766079,SCMP_China_Policy_Uncertainty_Data.xlsx
2018,12.0,935.3103200113582,2025-09-28 18:01:46.766079,SCMP_China_Policy_Uncertainty_Data.xlsx
2019,1.0,654.9626710255865,2025-09-28 18:01:46.766079,SCMP_China_Policy_Uncertainty_Data.xlsx
2019,2.0,720.1579304735209,2025-09-28 18:01:46.766079,SCMP_China_Policy_Uncertainty_Data.xlsx
2019,3.0,753.1077481879564,2025-09-28 18:01:46.766079,SCMP_China_Policy_Uncertainty_Data.xlsx
2019,4.0,502.55004935671013,2025-09-28 18:01:46.766079,SCMP_China_Policy_Uncertainty_Data.xlsx
2019,5.0,759.0687264815589,2025-09-28 18:01:46.766079,SCMP_China_Policy_Uncertainty_Data.xlsx
2019,6.0,959.8522864370956,2025-09-28 18:01:46.766079,SCMP_China_Policy_Uncertainty_Data.xlsx
2019,7.0,721.6466929814413,2025-09-28 18:01:46.766079,SCMP_China_Policy_Uncertainty_Data.xlsx
2019,8.0,904.9383930391144,2025-09-28 18:01:46.766079,SCMP_China_Policy_Uncertainty_Data.xlsx
2019,9.0,933.8837888745163,2025-09-28 18:01:46.766079,SCMP_China_Policy_Uncertainty_Data.xlsx
2019,10.0,970.8298912949932,2025-09-28 18:01:46.766079,SCMP_China_Policy_Uncertainty_Data.xlsx
2019,11.0,726.5910686852383,2025-09-28 18:01:46.766079,SCMP_China_Policy_Uncertainty_Data.xlsx
2019,12.0,894.8957260281084,2025-09-28 18:01:46.766079,SCMP_China_Policy_Uncertainty_Data.xlsx
2020,1.0,755.26383301773,2025-09-28 18:01:46.766079,SCMP_China_Policy_Uncertainty_Data.xlsx
2020,2.0,646.367554545613,2025-09-28 18:01:46.766079,SCMP_China_Policy_Uncertainty_Data.xlsx
2020,3.0,734.6422769468361,2025-09-28 18:01:46.766079,SCMP_China_Policy_Uncertainty_Data.xlsx
2020,4.0,819.1759785785148,2025-09-28 18:01:46.766079,SCMP_China_Policy_Uncertainty_Data.xlsx
2020,5.0,934.71703834709,2025-09-28 18:01:46.766079,SCMP_China_Policy_Uncertainty_Data.xlsx
2020,6.0,843.6151909695848,2025-09-28 18:01:46.766079,SCMP_China_Policy_Uncertainty_Data.xlsx
2020,7.0,893.4085012764494,2025-09-28 18:01:46.766079,SCMP_China_Policy_Uncertainty_Data.xlsx
2020,8.0,821.0832369936435,2025-09-28 18:01:46.766079,SCMP_China_Policy_Uncertainty_Data.xlsx
2020,9.0,563.8163879887745,2025-09-28 18:01:46.766079,SCMP_China_Policy_Uncertainty_Data.xlsx
2020,10.0,631.7533764685413,2025-09-28 18:01:46.766079,SCMP_China_Policy_Uncertainty_Data.xlsx
2020,11.0,723.9094736551085,2025-09-28 18:01:46.766079,SCMP_China_Policy_Uncertainty_Data.xlsx
2020,12.0,606.5165472027621,2025-09-28 18:01:46.766079,SCMP_China_Policy_Uncertainty_Data.xlsx
2021,1.0,665.3083251455331,2025-09-28 18:01:46.766079,SCMP_China_Policy_Uncertainty_Data.xlsx
2021,2.0,565.4004841728796,2025-09-28 18:01:46.766079,SCMP_China_Policy_Uncertainty_Data.xlsx
2021,3.0,493.8991928939264,2025-09-28 18:01:46.766079,SCMP_China_Policy_Uncertainty_Data.xlsx
2021,4.0,488.22677291135597,2025-09-28 18:01:46.766079,SCMP_China_Policy_Uncertainty_Data.xlsx
2021,5.0,492.67571379810056,2025-09-28 18:01:46.766079,SCMP_China_Policy_Uncertainty_Data.xlsx
2021,6.0,413.07234186734627,2025-09-28 18:01:46.766079,SCMP_China_Policy_Uncertainty_Data.xlsx
2021,7.0,505.5795429496045,2025-09-28 18:01:46.766079,SCMP_China_Policy_Uncertainty_Data.xlsx
2021,8.0,592.8004555531326,2025-09-28 18:01:46.766079,SCMP_China_Policy_Uncertainty_Data.xlsx
2021,9.0,356.06349289098966,2025-09-28 18:01:46.766079,SCMP_China_Policy_Uncertainty_Data.xlsx
2021,10.0,452.1493777400661,2025-09-28 18:01:46.766079,SCMP_China_Policy_Uncertainty_Data.xlsx
2021,11.0,491.7496316293071,2025-09-28 18:01:46.766079,SCMP_China_Policy_Uncertainty_Data.xlsx
2021,12.0,589.811304310205,2025-09-28 18:01:46.766079,SCMP_China_Policy_Uncertainty_Data.xlsx
2022,1.0,582.5810284602596,2025-09-28 18:01:46.766079,SCMP_China_Policy_Uncertainty_Data.xlsx
2022,2.0,406.1777863822164,2025-09-28 18:01:46.766079,SCMP_China_Policy_Uncertainty_Data.xlsx
2022,3.0,863.9366077252141,2025-09-28 18:01:46.766079,SCMP_China_Policy_Uncertainty_Data.xlsx
2022,4.0,843.9185405528175,2025-09-28 18:01:46.766079,SCMP_China_Policy_Uncertainty_Data.xlsx
2022,5.0,735.8332743419442,2025-09-28 18:01:46.766079,SCMP_China_Policy_Uncertainty_Data.xlsx
2022,6.0,763.4010502433941,2025-09-28 18:01:46.766079,SCMP_China_Policy_Uncertainty_Data.xlsx
2022,7.0,778.839881920934,2025-09-28 18:01:46.766079,SCMP_China_Policy_Uncertainty_Data.xlsx
2022,8.0,602.4936015558521,2025-09-28 18:01:46.766079,SCMP_China_Policy_Uncertainty_Data.xlsx
2022,9.0,689.295307914337,2025-09-28 18:01:46.766079,SCMP_China_Policy_Uncertainty_Data.xlsx
2022,10.0,743.3975770268125,2025-09-28 18:01:46.766079,SCMP_China_Policy_Uncertainty_Data.xlsx
2022,11.0,892.6838637675041,2025-09-28 18:01:46.766079,SCMP_China_Policy_Uncertainty_Data.xlsx
2022,12.0,700.524311224505,2025-09-28 18:01:46.766079,SCMP_China_Policy_Uncertainty_Data.xlsx
2023,1.0,728.0449091654676,2025-09-28 18:01:46.766079,SCMP_China_Policy_Uncertainty_Data.xlsx
2023,2.0,573.7079035675249,2025-09-28 18:01:46.766079,SCMP_China_Policy_Uncertainty_Data.xlsx
2023,3.0,756.7567371327492,2025-09-28 18:01:46.766079,SCMP_China_Policy_Uncertainty_Data.xlsx
2023,4.0,354.66640098531286,2025-09-28 18:01:46.766079,SCMP_China_Policy_Uncertainty_Data.xlsx
2023,5.0,522.0904121605682,2025-09-28 18:01:46.766079,SCMP_China_Policy_Uncertainty_Data.xlsx
2023,6.0,523.1169846566514,2025-09-28 18:01:46.766079,SCMP_China_Policy_Uncertainty_Data.xlsx
2023,7.0,704.566076724319,2025-09-28 18:01:46.766079,SCMP_China_Policy_Uncertainty_Data.xlsx
2023,8.0,709.8819911948209,2025-09-28 18:01:46.766079,SCMP_China_Policy_Uncertainty_Data.xlsx
2023,9.0,819.7461456472597,2025-09-28 18:01:46.766079,SCMP_China_Policy_Uncertainty_Data.xlsx
2023,10.0,603.7398944668719,2025-09-28 18:01:46.766079,SCMP_China_Policy_Uncertainty_Data.xlsx
2023,11.0,743.3975770268125,2025-09-28 18:01:46.766079,SCMP_China_Policy_Uncertainty_Data.xlsx
